random_state,initial_indices,selected_indices_per_step,actual_rewards_per_step,predicted_rewards_per_step
0,[54],"[47, 32, 27, 33, 31, 8, 21, 43, 42, 0, 23, 1, 2, 7, 9, 10, 11, 12, 3, 4, 19, 59, 38, 16, 15, 17, 50, 6, 5, 36, 56, 40, 29, 45, 25, 52, 20, 13, 22, 35, 48, 57, 26, 24, 14, 18, 37, 39, 41, 28, 30, 49, 46, 44, 55, 53, 58, 51, 34]","[0, 82, 2, 0, 23, 73, 46, 0, 4, 62, 2, 83, 73, 49, 89, 91, 92, 31, 69, 33, 21, 0, 11, 93, 0, 16, 0, 88, 73, 3, 0, 2, 1, 0, 39, 0, 16, 51, 42, 3, 0, 0, 1, 38, 91, 53, 10, 0, 0, 0, 3, 42, 0, 1, 0, 12, 0, 0, 5]",[]
1,[8],"[13, 14, 17, 15, 12, 40, 25, 26, 24, 23, 54, 34, 19, 11, 10, 0, 1, 2, 3, 4, 47, 59, 30, 43, 50, 37, 56, 21, 32, 52, 45, 28, 33, 31, 6, 5, 20, 35, 38, 41, 49, 48, 57, 22, 18, 39, 29, 46, 53, 58, 44, 7, 36, 42, 55, 27, 51, 9, 16]","[51, 91, 16, 0, 31, 2, 39, 1, 38, 2, 0, 5, 21, 92, 91, 62, 83, 73, 69, 33, 0, 0, 3, 0, 0, 10, 0, 46, 82, 0, 0, 0, 0, 23, 88, 73, 16, 3, 11, 0, 42, 0, 0, 42, 53, 0, 1, 0, 12, 0, 1, 49, 3, 4, 0, 2, 0, 89, 93]",[]
2,[55],"[4, 6, 7, 5, 31, 43, 18, 20, 16, 15, 17, 8, 9, 50, 33, 10, 11, 12, 38, 25, 0, 1, 2, 59, 28, 47, 23, 36, 40, 52, 45, 57, 3, 26, 19, 30, 21, 13, 22, 35, 41, 48, 53, 24, 32, 14, 37, 39, 54, 29, 46, 56, 49, 44, 42, 58, 27, 51, 34]","[33, 88, 49, 73, 23, 0, 53, 16, 93, 0, 16, 73, 89, 0, 0, 91, 92, 31, 11, 39, 62, 83, 73, 0, 0, 0, 2, 3, 2, 0, 0, 0, 69, 1, 21, 3, 46, 51, 42, 3, 0, 0, 12, 38, 82, 91, 10, 0, 0, 1, 0, 0, 42, 1, 4, 0, 2, 0, 5]",[]
3,[15],"[11, 10, 33, 5, 2, 59, 46, 24, 39, 52, 0, 28, 21, 8, 43, 56, 36, 49, 19, 30, 3, 12, 7, 9, 1, 4, 6, 26, 17, 22, 41, 54, 50, 48, 23, 31, 45, 25, 37, 57, 34, 14, 13, 20, 18, 32, 35, 29, 38, 53, 44, 58, 42, 55, 27, 40, 47, 51, 16]","[92, 91, 0, 73, 73, 0, 0, 38, 0, 0, 62, 0, 46, 73, 0, 0, 3, 42, 21, 3, 69, 31, 49, 89, 83, 33, 88, 1, 16, 42, 0, 0, 0, 0, 2, 23, 0, 39, 10, 0, 5, 91, 51, 16, 53, 82, 3, 1, 11, 12, 1, 0, 4, 0, 2, 2, 0, 0, 93]",[]
4,[15],"[20, 21, 22, 23, 52, 3, 2, 1, 0, 5, 7, 39, 31, 10, 11, 59, 46, 35, 12, 27, 42, 55, 49, 4, 6, 9, 18, 33, 29, 17, 37, 8, 44, 57, 25, 48, 50, 41, 53, 14, 13, 19, 26, 32, 24, 54, 36, 38, 28, 43, 58, 45, 56, 40, 30, 47, 51, 34, 16]","[16, 46, 42, 2, 0, 69, 73, 83, 62, 73, 49, 0, 23, 91, 92, 0, 0, 3, 31, 2, 4, 0, 42, 33, 88, 89, 53, 0, 1, 16, 10, 73, 1, 0, 39, 0, 0, 0, 12, 91, 51, 21, 1, 82, 38, 0, 3, 11, 0, 0, 0, 0, 0, 2, 3, 0, 0, 5, 93]",[]
5,[39],"[1, 2, 0, 19, 58, 29, 48, 11, 10, 13, 7, 24, 34, 53, 43, 16, 15, 17, 12, 9, 8, 3, 4, 22, 26, 55, 51, 32, 31, 33, 6, 5, 36, 46, 41, 21, 23, 20, 37, 25, 28, 59, 57, 44, 49, 50, 14, 35, 52, 54, 18, 38, 30, 56, 45, 42, 40, 27, 47]","[83, 73, 62, 21, 0, 1, 0, 92, 91, 51, 49, 38, 5, 12, 0, 93, 0, 16, 31, 89, 73, 69, 33, 42, 1, 0, 0, 82, 23, 0, 88, 73, 3, 0, 0, 46, 2, 16, 10, 39, 0, 0, 0, 1, 42, 0, 91, 3, 0, 0, 53, 11, 3, 0, 0, 4, 2, 2, 0]",[]
6,[50],"[49, 48, 41, 14, 15, 13, 12, 11, 10, 9, 8, 7, 34, 4, 26, 56, 21, 20, 22, 0, 1, 2, 30, 37, 59, 44, 53, 18, 17, 24, 39, 32, 28, 46, 3, 6, 5, 33, 31, 23, 19, 35, 54, 52, 25, 43, 57, 38, 29, 45, 58, 42, 36, 55, 27, 40, 47, 51, 16]","[42, 0, 0, 91, 0, 51, 31, 92, 91, 89, 73, 49, 5, 33, 1, 0, 46, 16, 42, 62, 83, 73, 3, 10, 0, 1, 12, 53, 16, 38, 0, 82, 0, 0, 69, 88, 73, 0, 23, 2, 21, 3, 0, 0, 39, 0, 0, 11, 1, 0, 0, 4, 3, 0, 2, 2, 0, 0, 93]",[]
7,[20],"[9, 8, 11, 50, 35, 10, 13, 59, 0, 3, 42, 28, 54, 46, 2, 24, 39, 32, 31, 33, 12, 1, 4, 7, 14, 15, 26, 56, 22, 18, 17, 44, 37, 52, 48, 6, 5, 23, 41, 25, 57, 29, 19, 21, 36, 38, 43, 49, 53, 45, 58, 55, 27, 40, 30, 47, 51, 34, 16]","[89, 73, 92, 0, 3, 91, 51, 0, 62, 69, 4, 0, 0, 0, 73, 38, 0, 82, 23, 0, 31, 83, 33, 49, 91, 0, 1, 0, 42, 53, 16, 1, 10, 0, 0, 88, 73, 2, 0, 39, 0, 1, 21, 46, 3, 11, 0, 42, 12, 0, 0, 0, 2, 2, 3, 0, 0, 5, 93]",[]
8,[14],"[49, 50, 48, 34, 35, 32, 31, 33, 30, 20, 19, 18, 0, 10, 8, 21, 55, 44, 25, 59, 42, 41, 40, 38, 4, 2, 7, 9, 1, 11, 12, 17, 22, 27, 53, 57, 24, 46, 3, 6, 5, 29, 37, 52, 23, 16, 26, 15, 54, 39, 43, 45, 56, 58, 28, 36, 47, 51, 13]","[42, 0, 0, 5, 3, 82, 23, 0, 3, 16, 21, 53, 62, 91, 73, 46, 0, 1, 39, 0, 4, 0, 2, 11, 33, 73, 49, 89, 83, 92, 31, 16, 42, 2, 12, 0, 38, 0, 69, 88, 73, 1, 10, 0, 2, 93, 1, 0, 0, 0, 0, 0, 0, 0, 0, 3, 0, 0, 51]",[]
9,[29],"[43, 44, 45, 16, 12, 18, 15, 30, 2, 17, 3, 1, 0, 4, 19, 53, 36, 10, 11, 9, 8, 7, 59, 24, 49, 40, 33, 22, 26, 56, 50, 48, 21, 38, 6, 5, 23, 13, 54, 52, 31, 20, 25, 28, 35, 42, 46, 57, 32, 14, 37, 39, 41, 58, 55, 27, 47, 51, 34]","[0, 1, 0, 93, 31, 53, 0, 3, 73, 16, 69, 83, 62, 33, 21, 12, 3, 91, 92, 89, 73, 49, 0, 38, 42, 2, 0, 42, 1, 0, 0, 0, 46, 11, 88, 73, 2, 51, 0, 0, 23, 16, 39, 0, 3, 4, 0, 0, 82, 91, 10, 0, 0, 0, 0, 2, 0, 0, 5]",[]
10,[36],"[45, 46, 0, 5, 9, 14, 12, 15, 8, 10, 13, 6, 7, 1, 2, 27, 53, 59, 3, 21, 41, 23, 19, 11, 31, 49, 56, 33, 51, 39, 29, 43, 25, 4, 17, 48, 20, 54, 57, 38, 34, 50, 22, 26, 18, 30, 52, 24, 32, 35, 37, 44, 58, 42, 28, 40, 55, 47, 16]","[0, 0, 62, 73, 89, 91, 31, 0, 73, 91, 51, 88, 49, 83, 73, 2, 12, 0, 69, 46, 0, 2, 21, 92, 23, 42, 0, 0, 0, 0, 1, 0, 39, 33, 16, 0, 16, 0, 0, 11, 5, 0, 42, 1, 53, 3, 0, 38, 82, 3, 10, 1, 0, 4, 0, 2, 0, 0, 93]",[]
11,[28],"[54, 46, 56, 17, 11, 9, 10, 3, 37, 0, 33, 23, 42, 12, 8, 2, 5, 6, 50, 59, 20, 15, 39, 1, 25, 31, 35, 52, 44, 48, 7, 26, 30, 18, 4, 19, 21, 41, 57, 14, 13, 24, 32, 22, 36, 29, 38, 43, 49, 53, 45, 58, 55, 27, 40, 47, 51, 34, 16]","[0, 0, 0, 16, 92, 89, 91, 69, 10, 62, 0, 2, 4, 31, 73, 73, 73, 88, 0, 0, 16, 0, 0, 83, 39, 23, 3, 0, 1, 0, 49, 1, 3, 53, 33, 21, 46, 0, 0, 91, 51, 38, 82, 42, 3, 1, 11, 0, 42, 12, 0, 0, 0, 2, 2, 0, 0, 5, 93]",[]
12,[30],"[2, 3, 0, 59, 45, 17, 38, 10, 11, 52, 23, 12, 5, 6, 7, 34, 41, 26, 48, 55, 20, 1, 15, 36, 32, 50, 43, 57, 28, 9, 33, 31, 4, 8, 18, 19, 21, 39, 25, 46, 54, 14, 13, 24, 22, 35, 37, 29, 42, 49, 53, 56, 58, 44, 40, 27, 47, 51, 16]","[73, 69, 62, 0, 0, 16, 11, 91, 92, 0, 2, 31, 73, 88, 49, 5, 0, 1, 0, 0, 16, 83, 0, 3, 82, 0, 0, 0, 0, 89, 0, 23, 33, 73, 53, 21, 46, 0, 39, 0, 0, 91, 51, 38, 42, 3, 10, 1, 4, 42, 12, 0, 0, 1, 2, 2, 0, 0, 93]",[]
13,[16],"[18, 19, 7, 8, 9, 10, 12, 39, 54, 29, 0, 2, 3, 46, 59, 34, 24, 50, 5, 43, 26, 22, 4, 6, 32, 31, 56, 11, 37, 52, 48, 41, 1, 33, 21, 14, 13, 35, 23, 28, 25, 44, 57, 20, 38, 49, 53, 45, 58, 42, 15, 55, 27, 40, 36, 47, 30, 17, 51]","[53, 21, 49, 73, 89, 91, 31, 0, 0, 1, 62, 73, 69, 0, 0, 5, 38, 0, 73, 0, 1, 42, 33, 88, 82, 23, 0, 92, 10, 0, 0, 0, 83, 0, 46, 91, 51, 3, 2, 0, 39, 1, 0, 16, 11, 42, 12, 0, 0, 4, 0, 0, 2, 2, 3, 0, 3, 16, 0]",[]
14,[6],"[18, 19, 16, 55, 38, 46, 14, 15, 8, 49, 5, 36, 54, 39, 23, 30, 22, 34, 4, 45, 25, 50, 9, 24, 47, 11, 33, 2, 52, 37, 21, 7, 20, 32, 57, 42, 1, 0, 10, 17, 13, 12, 3, 31, 26, 59, 28, 48, 43, 41, 35, 44, 29, 40, 53, 56, 58, 27, 51]","[53, 21, 93, 0, 11, 0, 91, 0, 73, 42, 73, 3, 0, 0, 2, 3, 42, 5, 33, 0, 39, 0, 89, 38, 0, 92, 0, 73, 0, 10, 46, 49, 16, 82, 0, 4, 83, 62, 91, 16, 51, 31, 69, 23, 1, 0, 0, 0, 0, 0, 3, 1, 1, 2, 12, 0, 0, 2, 0]",[]
15,[13],"[10, 9, 42, 6, 4, 7, 51, 32, 33, 31, 11, 12, 5, 8, 58, 23, 18, 19, 17, 0, 1, 2, 46, 38, 27, 54, 36, 49, 40, 44, 25, 21, 56, 29, 48, 15, 3, 59, 53, 50, 35, 22, 26, 24, 52, 20, 39, 43, 28, 37, 57, 45, 41, 16, 55, 30, 47, 34, 14]","[91, 89, 4, 88, 33, 49, 0, 82, 0, 23, 92, 31, 73, 73, 0, 2, 53, 21, 16, 62, 83, 73, 0, 11, 2, 0, 3, 42, 2, 1, 39, 46, 0, 1, 0, 0, 69, 0, 12, 0, 3, 42, 1, 38, 0, 16, 0, 0, 0, 10, 0, 0, 0, 93, 0, 3, 0, 5, 91]",[]
16,[23],"[7, 6, 5, 32, 31, 33, 4, 8, 9, 15, 27, 10, 11, 12, 44, 51, 57, 39, 0, 1, 2, 19, 47, 54, 36, 42, 59, 17, 21, 49, 25, 29, 3, 20, 41, 37, 45, 56, 53, 14, 13, 35, 22, 48, 50, 26, 18, 24, 52, 46, 38, 28, 58, 43, 40, 55, 30, 34, 16]","[49, 88, 73, 82, 23, 0, 33, 73, 89, 0, 2, 91, 92, 31, 1, 0, 0, 0, 62, 83, 73, 21, 0, 0, 3, 4, 0, 16, 46, 42, 39, 1, 69, 16, 0, 10, 0, 0, 12, 91, 51, 3, 42, 0, 0, 1, 53, 38, 0, 0, 11, 0, 0, 0, 2, 0, 3, 5, 93]",[]
17,[33],"[55, 13, 51, 6, 0, 5, 8, 17, 42, 7, 9, 10, 11, 2, 25, 21, 46, 3, 38, 59, 29, 23, 12, 14, 15, 1, 19, 36, 27, 49, 40, 44, 31, 57, 53, 4, 48, 20, 35, 50, 22, 26, 18, 30, 24, 52, 32, 54, 37, 39, 43, 56, 45, 41, 58, 28, 47, 34, 16]","[0, 51, 0, 88, 62, 73, 73, 16, 4, 49, 89, 91, 92, 73, 39, 46, 0, 69, 11, 0, 1, 2, 31, 91, 0, 83, 21, 3, 2, 42, 2, 1, 23, 0, 12, 33, 0, 16, 3, 0, 42, 1, 53, 3, 38, 0, 82, 0, 10, 0, 0, 0, 0, 0, 0, 0, 0, 5, 93]",[]
18,[11],"[17, 16, 15, 19, 18, 20, 21, 22, 23, 28, 39, 42, 51, 48, 4, 56, 5, 58, 6, 7, 8, 9, 34, 0, 1, 2, 3, 31, 45, 36, 54, 26, 13, 32, 33, 30, 43, 41, 37, 25, 24, 59, 53, 46, 49, 50, 52, 14, 35, 38, 29, 44, 57, 55, 40, 27, 47, 10, 12]","[16, 93, 0, 21, 53, 16, 46, 42, 2, 0, 0, 4, 0, 0, 33, 0, 73, 0, 88, 49, 73, 89, 5, 62, 83, 73, 69, 23, 0, 3, 0, 1, 51, 82, 0, 3, 0, 0, 10, 39, 38, 0, 12, 0, 42, 0, 0, 91, 3, 11, 1, 1, 0, 0, 2, 2, 0, 91, 31]",[]
19,[43],"[18, 17, 45, 0, 46, 19, 1, 2, 3, 4, 28, 56, 36, 10, 9, 11, 12, 8, 51, 24, 32, 33, 31, 7, 39, 59, 22, 14, 15, 13, 48, 26, 54, 41, 21, 6, 5, 23, 37, 35, 25, 53, 57, 49, 50, 29, 20, 52, 38, 42, 58, 44, 27, 40, 55, 30, 47, 34, 16]","[53, 16, 0, 62, 0, 21, 83, 73, 69, 33, 0, 0, 3, 91, 89, 92, 31, 73, 0, 38, 82, 0, 23, 49, 0, 0, 42, 91, 0, 51, 0, 1, 0, 0, 46, 88, 73, 2, 10, 3, 39, 12, 0, 42, 0, 1, 16, 0, 11, 4, 0, 1, 2, 2, 0, 3, 0, 5, 93]",[]
20,[57],"[6, 5, 8, 38, 23, 47, 15, 7, 9, 10, 11, 12, 31, 0, 2, 3, 52, 42, 27, 19, 34, 1, 44, 59, 55, 50, 29, 21, 17, 40, 36, 25, 32, 33, 4, 20, 45, 53, 49, 48, 22, 13, 14, 26, 18, 24, 35, 37, 54, 46, 39, 28, 41, 58, 43, 56, 30, 51, 16]","[88, 73, 73, 11, 2, 0, 0, 49, 89, 91, 92, 31, 23, 62, 73, 69, 0, 4, 2, 21, 5, 83, 1, 0, 0, 0, 1, 46, 16, 2, 3, 39, 82, 0, 33, 16, 0, 12, 42, 0, 42, 51, 91, 1, 53, 38, 3, 10, 0, 0, 0, 0, 0, 0, 0, 0, 3, 0, 93]",[]
21,[10],"[36, 35, 59, 51, 42, 27, 44, 55, 30, 0, 1, 3, 2, 5, 19, 23, 16, 15, 17, 4, 6, 7, 47, 39, 33, 21, 25, 49, 57, 53, 13, 12, 8, 20, 22, 37, 41, 29, 31, 45, 48, 50, 26, 24, 32, 52, 54, 14, 18, 43, 38, 28, 46, 56, 58, 40, 34, 9, 11]","[3, 3, 0, 0, 4, 2, 1, 0, 3, 62, 83, 69, 73, 73, 21, 2, 93, 0, 16, 33, 88, 49, 0, 0, 0, 46, 39, 42, 0, 12, 51, 31, 73, 16, 42, 10, 0, 1, 23, 0, 0, 0, 1, 38, 82, 0, 0, 91, 53, 0, 11, 0, 0, 0, 0, 2, 5, 89, 92]",[]
22,[58],"[49, 48, 50, 41, 52, 23, 35, 22, 39, 31, 16, 32, 57, 36, 24, 46, 40, 5, 15, 17, 33, 4, 6, 7, 8, 9, 10, 11, 12, 21, 25, 20, 26, 0, 1, 2, 55, 43, 29, 3, 13, 19, 37, 59, 28, 45, 53, 14, 18, 54, 38, 30, 56, 44, 42, 27, 47, 51, 34]","[42, 0, 0, 0, 0, 2, 3, 42, 0, 23, 93, 82, 0, 3, 38, 0, 2, 73, 0, 16, 0, 33, 88, 49, 73, 89, 91, 92, 31, 46, 39, 16, 1, 62, 83, 73, 0, 0, 1, 69, 51, 21, 10, 0, 0, 0, 12, 91, 53, 0, 11, 3, 0, 1, 4, 2, 0, 0, 5]",[]
23,[59],"[25, 24, 33, 0, 3, 8, 6, 46, 16, 18, 14, 15, 7, 17, 13, 9, 11, 10, 5, 49, 12, 4, 2, 1, 20, 21, 53, 48, 40, 29, 22, 37, 56, 50, 43, 27, 35, 31, 23, 19, 54, 52, 38, 41, 45, 57, 26, 30, 32, 39, 36, 28, 44, 42, 58, 55, 47, 51, 34]","[39, 38, 0, 62, 69, 73, 88, 0, 93, 53, 91, 0, 49, 16, 51, 89, 92, 91, 73, 42, 31, 33, 73, 83, 16, 46, 12, 0, 2, 1, 42, 10, 0, 0, 0, 2, 3, 23, 2, 21, 0, 0, 11, 0, 0, 0, 1, 3, 82, 0, 3, 0, 1, 4, 0, 0, 0, 0, 5]",[]
24,[45],"[56, 25, 18, 7, 14, 12, 15, 13, 19, 17, 6, 5, 4, 8, 11, 43, 29, 34, 16, 10, 9, 38, 52, 0, 1, 2, 3, 22, 49, 59, 40, 32, 31, 47, 27, 33, 36, 54, 23, 21, 50, 20, 48, 41, 57, 26, 24, 39, 37, 35, 28, 30, 46, 55, 44, 42, 53, 58, 51]","[0, 39, 53, 49, 91, 31, 0, 51, 21, 16, 88, 73, 33, 73, 92, 0, 1, 5, 93, 91, 89, 11, 0, 62, 83, 73, 69, 42, 42, 0, 2, 82, 23, 0, 2, 0, 3, 0, 2, 46, 0, 16, 0, 0, 0, 1, 38, 0, 10, 3, 0, 3, 0, 0, 1, 4, 12, 0, 0]",[]
25,[24],"[26, 27, 29, 30, 32, 33, 31, 13, 12, 14, 15, 11, 10, 9, 8, 7, 5, 4, 6, 47, 55, 40, 0, 1, 2, 59, 20, 51, 43, 37, 18, 17, 45, 49, 57, 53, 22, 35, 19, 3, 21, 38, 41, 48, 50, 52, 54, 36, 46, 39, 58, 44, 56, 23, 28, 42, 25, 34, 16]","[1, 2, 1, 3, 82, 0, 23, 51, 31, 91, 0, 92, 91, 89, 73, 49, 73, 33, 88, 0, 0, 2, 62, 83, 73, 0, 16, 0, 0, 10, 53, 16, 0, 42, 0, 12, 42, 3, 21, 69, 46, 11, 0, 0, 0, 0, 0, 3, 0, 0, 0, 1, 0, 2, 0, 4, 39, 5, 93]",[]
26,[47],"[22, 23, 21, 20, 30, 57, 12, 13, 14, 15, 11, 10, 9, 8, 7, 37, 4, 42, 52, 0, 1, 2, 34, 27, 39, 18, 44, 59, 55, 50, 32, 25, 17, 6, 5, 33, 31, 3, 35, 19, 29, 41, 45, 53, 49, 48, 26, 24, 54, 38, 46, 43, 56, 58, 28, 36, 40, 51, 16]","[42, 2, 46, 16, 3, 0, 31, 51, 91, 0, 92, 91, 89, 73, 49, 10, 33, 4, 0, 62, 83, 73, 5, 2, 0, 53, 1, 0, 0, 0, 82, 39, 16, 88, 73, 0, 23, 69, 3, 21, 1, 0, 0, 12, 42, 0, 1, 38, 0, 11, 0, 0, 0, 0, 0, 3, 2, 0, 93]",[]
27,[41],"[0, 1, 2, 18, 52, 15, 20, 30, 59, 8, 9, 10, 35, 46, 25, 12, 5, 55, 49, 6, 38, 27, 23, 32, 33, 7, 3, 11, 43, 31, 4, 17, 57, 50, 48, 19, 21, 29, 37, 39, 53, 45, 14, 13, 22, 26, 24, 54, 36, 42, 56, 58, 44, 28, 40, 47, 51, 34, 16]","[62, 83, 73, 53, 0, 0, 16, 3, 0, 73, 89, 91, 3, 0, 39, 31, 73, 0, 42, 88, 11, 2, 2, 82, 0, 49, 69, 92, 0, 23, 33, 16, 0, 0, 0, 21, 46, 1, 10, 0, 12, 0, 91, 51, 42, 1, 38, 0, 3, 4, 0, 0, 1, 0, 2, 0, 0, 5, 93]",[]
28,[7],"[15, 16, 17, 18, 19, 45, 20, 21, 22, 23, 49, 48, 37, 55, 40, 27, 38, 41, 11, 53, 10, 12, 9, 50, 32, 33, 31, 1, 2, 0, 3, 4, 59, 29, 43, 25, 35, 57, 5, 13, 52, 26, 24, 8, 14, 46, 6, 30, 39, 54, 36, 28, 44, 42, 56, 58, 47, 51, 34]","[0, 93, 16, 53, 21, 0, 16, 46, 42, 2, 42, 0, 10, 0, 2, 2, 11, 0, 92, 12, 91, 31, 89, 0, 82, 0, 23, 83, 73, 62, 69, 33, 0, 1, 0, 39, 3, 0, 73, 51, 0, 1, 38, 73, 91, 0, 88, 3, 0, 0, 3, 0, 1, 4, 0, 0, 0, 0, 5]",[]
29,[35],"[6, 5, 9, 7, 10, 11, 12, 23, 58, 46, 52, 29, 3, 2, 1, 0, 18, 16, 15, 17, 4, 8, 19, 41, 26, 49, 55, 32, 31, 33, 38, 43, 21, 50, 48, 13, 20, 39, 37, 22, 28, 25, 24, 59, 57, 45, 53, 14, 54, 30, 36, 56, 44, 42, 40, 27, 47, 51, 34]","[88, 73, 89, 49, 91, 92, 31, 2, 0, 0, 0, 1, 69, 73, 83, 62, 53, 93, 0, 16, 33, 73, 21, 0, 1, 42, 0, 82, 23, 0, 11, 0, 46, 0, 0, 51, 16, 0, 10, 42, 0, 39, 38, 0, 0, 0, 12, 91, 0, 3, 3, 0, 1, 4, 2, 2, 0, 0, 5]",[]
30,[34],"[47, 46, 0, 5, 9, 14, 12, 15, 43, 57, 36, 31, 17, 53, 51, 38, 39, 2, 23, 37, 55, 26, 21, 32, 56, 1, 13, 10, 4, 6, 7, 11, 19, 59, 28, 8, 49, 41, 33, 3, 20, 45, 25, 22, 29, 50, 48, 18, 24, 52, 54, 35, 42, 58, 44, 27, 40, 30, 16]","[0, 0, 62, 73, 89, 91, 31, 0, 0, 0, 3, 23, 16, 12, 0, 11, 0, 73, 2, 10, 0, 1, 46, 82, 0, 83, 51, 91, 33, 88, 49, 92, 21, 0, 0, 73, 42, 0, 0, 69, 16, 0, 39, 42, 1, 0, 0, 53, 38, 0, 0, 3, 4, 0, 1, 2, 2, 3, 93]",[]
31,[0],"[49, 50, 48, 55, 56, 57, 59, 53, 52, 54, 26, 28, 24, 23, 25, 35, 7, 6, 5, 15, 41, 3, 4, 2, 10, 11, 12, 19, 31, 44, 38, 9, 33, 17, 21, 8, 46, 30, 20, 37, 39, 42, 14, 13, 18, 32, 22, 29, 36, 45, 43, 58, 1, 40, 27, 47, 51, 34, 16]","[42, 0, 0, 0, 0, 0, 0, 12, 0, 0, 1, 0, 38, 2, 39, 3, 49, 88, 73, 0, 0, 69, 33, 73, 91, 92, 31, 21, 23, 1, 11, 89, 0, 16, 46, 73, 0, 3, 16, 10, 0, 4, 91, 51, 53, 82, 42, 1, 3, 0, 0, 0, 83, 2, 2, 0, 0, 5, 93]",[]
32,[4],"[14, 15, 13, 12, 11, 10, 9, 8, 37, 48, 56, 24, 30, 7, 42, 21, 19, 26, 0, 1, 2, 52, 34, 59, 45, 39, 22, 32, 28, 54, 50, 17, 33, 31, 6, 23, 35, 20, 5, 25, 41, 43, 47, 57, 18, 38, 29, 49, 46, 55, 53, 58, 44, 36, 40, 27, 3, 51, 16]","[91, 0, 51, 31, 92, 91, 89, 73, 10, 0, 0, 38, 3, 49, 4, 46, 21, 1, 62, 83, 73, 0, 5, 0, 0, 0, 42, 82, 0, 0, 0, 16, 0, 23, 88, 2, 3, 16, 73, 39, 0, 0, 0, 0, 53, 11, 1, 42, 0, 0, 12, 0, 1, 3, 2, 2, 69, 0, 93]",[]
33,[36],"[29, 30, 31, 32, 33, 47, 57, 43, 50, 1, 2, 0, 3, 4, 15, 23, 9, 10, 11, 12, 8, 7, 19, 53, 40, 26, 59, 21, 17, 55, 45, 38, 6, 5, 20, 52, 41, 48, 25, 14, 13, 22, 28, 35, 18, 24, 54, 39, 44, 58, 49, 37, 46, 56, 42, 27, 51, 34, 16]","[1, 3, 23, 82, 0, 0, 0, 0, 0, 83, 73, 62, 69, 33, 0, 2, 89, 91, 92, 31, 73, 49, 21, 12, 2, 1, 0, 46, 16, 0, 0, 11, 88, 73, 16, 0, 0, 0, 39, 91, 51, 42, 0, 3, 53, 38, 0, 0, 1, 0, 42, 10, 0, 0, 4, 2, 0, 5, 93]",[]
34,[33],"[1, 0, 2, 20, 45, 59, 11, 12, 10, 5, 6, 7, 52, 26, 39, 16, 17, 15, 9, 8, 3, 4, 29, 49, 55, 23, 36, 42, 47, 31, 57, 50, 21, 13, 19, 22, 48, 43, 37, 41, 35, 28, 53, 25, 24, 30, 32, 14, 54, 18, 38, 46, 44, 56, 58, 40, 27, 51, 34]","[83, 62, 73, 16, 0, 0, 92, 31, 91, 73, 88, 49, 0, 1, 0, 93, 16, 0, 89, 73, 69, 33, 1, 42, 0, 2, 3, 4, 0, 23, 0, 0, 46, 51, 21, 42, 0, 0, 10, 0, 3, 0, 12, 39, 38, 3, 82, 91, 0, 53, 11, 0, 1, 0, 0, 2, 2, 0, 5]",[]
35,[35],"[49, 50, 56, 43, 48, 55, 20, 39, 21, 40, 42, 16, 5, 15, 17, 4, 6, 7, 22, 8, 9, 10, 11, 12, 24, 26, 0, 1, 2, 30, 59, 53, 45, 32, 33, 31, 28, 37, 3, 23, 13, 52, 19, 57, 25, 46, 14, 54, 18, 41, 38, 36, 44, 29, 58, 27, 47, 51, 34]","[42, 0, 0, 0, 0, 0, 16, 0, 46, 2, 4, 93, 73, 0, 16, 33, 88, 49, 42, 73, 89, 91, 92, 31, 38, 1, 62, 83, 73, 3, 0, 12, 0, 82, 0, 23, 0, 10, 69, 2, 51, 0, 21, 0, 39, 0, 91, 0, 53, 0, 11, 3, 1, 1, 0, 2, 0, 0, 5]",[]
36,[21],"[20, 19, 18, 17, 3, 4, 2, 1, 0, 44, 35, 28, 53, 59, 10, 11, 12, 9, 8, 49, 7, 47, 39, 32, 31, 33, 25, 56, 50, 14, 15, 13, 42, 37, 24, 6, 5, 26, 23, 54, 52, 41, 48, 46, 57, 29, 36, 38, 43, 58, 45, 55, 40, 27, 30, 51, 34, 16, 22]","[16, 21, 53, 16, 69, 33, 73, 83, 62, 1, 3, 0, 12, 0, 91, 92, 31, 89, 73, 42, 49, 0, 0, 82, 23, 0, 39, 0, 0, 91, 0, 51, 4, 10, 38, 88, 73, 1, 2, 0, 0, 0, 0, 0, 0, 1, 3, 11, 0, 0, 0, 0, 2, 2, 3, 0, 5, 93, 42]",[]
37,[43],"[46, 52, 56, 21, 14, 0, 10, 12, 9, 15, 13, 11, 8, 7, 1, 2, 3, 4, 32, 33, 31, 25, 37, 19, 28, 59, 22, 40, 49, 17, 54, 35, 6, 5, 50, 48, 23, 26, 20, 38, 41, 45, 57, 29, 18, 24, 39, 36, 53, 44, 58, 42, 55, 27, 30, 47, 51, 34, 16]","[0, 0, 0, 46, 91, 62, 91, 31, 89, 0, 51, 92, 73, 49, 83, 73, 69, 33, 82, 0, 23, 39, 10, 21, 0, 0, 42, 2, 42, 16, 0, 3, 88, 73, 0, 0, 2, 1, 16, 11, 0, 0, 0, 1, 53, 38, 0, 3, 12, 1, 0, 4, 0, 2, 3, 0, 0, 5, 93]",[]
38,[40],"[34, 35, 32, 31, 33, 30, 9, 8, 10, 11, 12, 7, 19, 5, 4, 6, 57, 49, 46, 51, 24, 0, 1, 2, 16, 15, 17, 27, 54, 43, 22, 37, 59, 3, 21, 48, 25, 23, 20, 13, 38, 29, 50, 52, 45, 55, 42, 26, 14, 36, 18, 28, 39, 41, 53, 44, 56, 58, 47]","[5, 3, 82, 23, 0, 3, 89, 73, 91, 92, 31, 49, 21, 73, 33, 88, 0, 42, 0, 0, 38, 62, 83, 73, 93, 0, 16, 2, 0, 0, 42, 10, 0, 69, 46, 0, 39, 2, 16, 51, 11, 1, 0, 0, 0, 0, 4, 1, 91, 3, 53, 0, 0, 0, 12, 1, 0, 0, 0]",[]
39,[13],"[14, 15, 47, 35, 29, 8, 9, 10, 11, 7, 6, 5, 4, 50, 41, 19, 59, 0, 1, 2, 3, 24, 54, 32, 33, 31, 38, 44, 22, 21, 26, 56, 17, 52, 23, 20, 37, 39, 25, 28, 43, 45, 18, 48, 57, 36, 30, 46, 55, 53, 49, 58, 42, 40, 27, 12, 51, 34, 16]","[91, 0, 0, 3, 1, 73, 89, 91, 92, 49, 88, 73, 33, 0, 0, 21, 0, 62, 83, 73, 69, 38, 0, 82, 0, 23, 11, 1, 42, 46, 1, 0, 16, 0, 2, 16, 10, 0, 39, 0, 0, 0, 53, 0, 0, 3, 3, 0, 0, 12, 42, 0, 4, 2, 2, 31, 0, 5, 93]",[]
40,[29],"[8, 7, 9, 14, 17, 12, 15, 11, 27, 34, 55, 54, 10, 13, 4, 45, 39, 22, 20, 24, 0, 1, 2, 59, 50, 42, 32, 31, 36, 47, 52, 33, 3, 57, 6, 5, 25, 23, 21, 18, 19, 43, 41, 37, 49, 48, 26, 35, 46, 38, 28, 53, 56, 58, 44, 40, 30, 51, 16]","[73, 49, 89, 91, 16, 31, 0, 92, 2, 5, 0, 0, 91, 51, 33, 0, 0, 42, 16, 38, 62, 83, 73, 0, 0, 4, 82, 23, 3, 0, 0, 0, 69, 0, 88, 73, 39, 2, 46, 53, 21, 0, 0, 10, 42, 0, 1, 3, 0, 11, 0, 12, 0, 0, 1, 2, 3, 0, 93]",[]
41,[24],"[10, 9, 59, 42, 0, 12, 3, 5, 33, 50, 18, 38, 54, 29, 46, 20, 16, 15, 17, 4, 11, 8, 6, 7, 2, 1, 36, 27, 56, 40, 44, 31, 52, 48, 22, 19, 21, 13, 35, 26, 57, 30, 32, 14, 37, 39, 28, 41, 43, 55, 45, 47, 53, 49, 58, 23, 51, 34, 25]","[91, 89, 0, 4, 62, 31, 69, 73, 0, 0, 53, 11, 0, 1, 0, 16, 93, 0, 16, 33, 92, 73, 88, 49, 73, 83, 3, 2, 0, 2, 1, 23, 0, 0, 42, 21, 46, 51, 3, 1, 0, 3, 82, 91, 10, 0, 0, 0, 0, 0, 0, 0, 12, 42, 0, 2, 0, 5, 39]",[]
42,[40],"[58, 59, 0, 5, 10, 16, 13, 8, 17, 9, 15, 11, 12, 6, 7, 4, 1, 2, 25, 46, 30, 51, 35, 21, 55, 22, 43, 27, 32, 33, 31, 20, 37, 48, 3, 53, 24, 23, 19, 38, 29, 57, 49, 50, 45, 42, 26, 14, 52, 54, 36, 18, 28, 39, 41, 56, 44, 47, 34]","[0, 0, 62, 73, 91, 93, 51, 73, 16, 89, 0, 92, 31, 88, 49, 33, 83, 73, 39, 0, 3, 0, 3, 46, 0, 42, 0, 2, 82, 0, 23, 16, 10, 0, 69, 12, 38, 2, 21, 11, 1, 0, 42, 0, 0, 4, 1, 91, 0, 0, 3, 53, 0, 0, 0, 0, 1, 0, 5]",[]
43,[2],"[21, 22, 59, 17, 42, 34, 50, 29, 10, 11, 54, 38, 46, 8, 12, 7, 25, 9, 5, 19, 15, 27, 31, 56, 36, 40, 44, 52, 48, 4, 24, 0, 32, 33, 6, 23, 20, 57, 14, 13, 18, 26, 35, 37, 39, 28, 43, 51, 47, 55, 41, 58, 1, 45, 49, 53, 30, 16, 3]","[46, 42, 0, 16, 4, 5, 0, 1, 91, 92, 0, 11, 0, 73, 31, 49, 39, 89, 73, 21, 0, 2, 23, 0, 3, 2, 1, 0, 0, 33, 38, 62, 82, 0, 88, 2, 16, 0, 91, 51, 53, 1, 3, 10, 0, 0, 0, 0, 0, 0, 0, 0, 83, 0, 42, 12, 3, 93, 69]",[]
44,[26],"[22, 21, 16, 14, 6, 3, 9, 53, 40, 59, 15, 17, 13, 10, 11, 12, 8, 7, 5, 4, 2, 51, 25, 18, 44, 1, 0, 19, 30, 36, 47, 56, 33, 38, 24, 42, 28, 49, 23, 20, 54, 31, 35, 45, 57, 48, 50, 32, 52, 37, 39, 46, 41, 43, 29, 58, 55, 27, 34]","[42, 46, 93, 91, 88, 69, 89, 12, 2, 0, 0, 16, 51, 91, 92, 31, 73, 49, 73, 33, 73, 0, 39, 53, 1, 83, 62, 21, 3, 3, 0, 0, 0, 11, 38, 4, 0, 42, 2, 16, 0, 23, 3, 0, 0, 0, 0, 82, 0, 10, 0, 0, 0, 0, 1, 0, 0, 2, 5]",[]
45,[17],"[45, 44, 38, 34, 56, 0, 3, 5, 6, 8, 7, 9, 2, 10, 11, 12, 26, 50, 22, 30, 59, 41, 20, 53, 1, 47, 24, 15, 36, 32, 28, 33, 31, 4, 23, 21, 39, 54, 52, 25, 43, 49, 48, 14, 13, 19, 57, 35, 37, 29, 18, 46, 58, 42, 55, 27, 40, 51, 16]","[0, 1, 11, 5, 0, 62, 69, 73, 88, 73, 49, 89, 73, 91, 92, 31, 1, 0, 42, 3, 0, 0, 16, 12, 83, 0, 38, 0, 3, 82, 0, 0, 23, 33, 2, 46, 0, 0, 0, 39, 0, 42, 0, 91, 51, 21, 0, 3, 10, 1, 53, 0, 0, 4, 0, 2, 2, 0, 93]",[]
46,[56],"[21, 22, 16, 13, 17, 15, 12, 20, 23, 11, 10, 9, 8, 7, 5, 6, 4, 47, 43, 36, 30, 0, 1, 2, 52, 27, 39, 59, 33, 49, 25, 41, 45, 54, 50, 3, 19, 48, 29, 31, 37, 35, 57, 26, 24, 32, 14, 18, 38, 28, 46, 55, 44, 53, 58, 42, 40, 51, 34]","[46, 42, 93, 51, 16, 0, 31, 16, 2, 92, 91, 89, 73, 49, 73, 88, 33, 0, 0, 3, 3, 62, 83, 73, 0, 2, 0, 0, 0, 42, 39, 0, 0, 0, 0, 69, 21, 0, 1, 23, 10, 3, 0, 1, 38, 82, 91, 53, 11, 0, 0, 0, 1, 12, 0, 4, 2, 0, 5]",[]
47,[22],"[30, 31, 32, 33, 50, 40, 17, 18, 19, 20, 13, 24, 4, 0, 6, 1, 16, 48, 42, 12, 36, 7, 43, 15, 5, 2, 3, 8, 9, 10, 11, 56, 27, 59, 53, 45, 38, 25, 52, 54, 29, 35, 47, 57, 26, 14, 37, 39, 41, 28, 49, 46, 44, 58, 55, 23, 51, 34, 21]","[3, 23, 82, 0, 0, 2, 16, 53, 21, 16, 51, 38, 33, 62, 88, 83, 93, 0, 4, 31, 3, 49, 0, 0, 73, 73, 69, 73, 89, 91, 92, 0, 2, 0, 12, 0, 11, 39, 0, 0, 1, 3, 0, 0, 1, 91, 10, 0, 0, 0, 42, 0, 1, 0, 0, 2, 0, 5, 46]",[]
48,[35],"[25, 24, 0, 4, 59, 47, 15, 53, 1, 2, 29, 8, 9, 10, 41, 20, 12, 50, 56, 44, 38, 32, 31, 33, 11, 7, 22, 18, 17, 27, 3, 6, 5, 19, 23, 21, 54, 52, 37, 39, 49, 57, 42, 45, 14, 13, 48, 26, 46, 28, 36, 58, 43, 55, 40, 30, 51, 34, 16]","[39, 38, 62, 33, 0, 0, 0, 12, 83, 73, 1, 73, 89, 91, 0, 16, 31, 0, 0, 1, 11, 82, 23, 0, 92, 49, 42, 53, 16, 2, 69, 88, 73, 21, 2, 46, 0, 0, 10, 0, 42, 0, 4, 0, 91, 51, 0, 1, 0, 0, 3, 0, 0, 0, 2, 3, 0, 5, 93]",[]
49,[4],"[38, 37, 58, 43, 21, 18, 15, 19, 17, 20, 22, 23, 30, 51, 10, 9, 11, 12, 8, 47, 0, 1, 2, 34, 27, 54, 40, 32, 49, 56, 6, 7, 45, 25, 33, 31, 35, 29, 5, 13, 14, 59, 41, 53, 48, 50, 26, 24, 52, 39, 46, 57, 44, 28, 42, 36, 55, 3, 16]","[11, 10, 0, 0, 46, 53, 0, 21, 16, 16, 42, 2, 3, 0, 91, 89, 92, 31, 73, 0, 62, 83, 73, 5, 2, 0, 2, 82, 42, 0, 88, 49, 0, 39, 0, 23, 3, 1, 73, 51, 91, 0, 0, 12, 0, 0, 1, 38, 0, 0, 0, 0, 1, 0, 4, 3, 0, 69, 93]",[]
50,[31],"[37, 38, 47, 56, 6, 1, 4, 7, 0, 2, 18, 20, 16, 15, 17, 5, 3, 8, 9, 10, 11, 12, 26, 42, 51, 59, 23, 34, 44, 28, 54, 40, 49, 19, 21, 36, 13, 22, 33, 45, 25, 57, 53, 29, 48, 50, 24, 52, 14, 35, 39, 46, 41, 43, 58, 55, 27, 30, 32]","[10, 11, 0, 0, 88, 83, 33, 49, 62, 73, 53, 16, 93, 0, 16, 73, 69, 73, 89, 91, 92, 31, 1, 4, 0, 0, 2, 5, 1, 0, 0, 2, 42, 21, 46, 3, 51, 42, 0, 0, 39, 0, 12, 1, 0, 0, 38, 0, 91, 3, 0, 0, 0, 0, 0, 0, 2, 3, 82]",[]
51,[15],"[22, 23, 21, 20, 53, 46, 31, 32, 33, 30, 57, 5, 4, 6, 7, 8, 9, 10, 11, 12, 40, 0, 1, 2, 27, 50, 37, 43, 18, 17, 59, 55, 48, 25, 35, 3, 52, 29, 38, 19, 41, 45, 14, 13, 26, 24, 54, 36, 39, 49, 58, 44, 56, 28, 42, 47, 51, 34, 16]","[42, 2, 46, 16, 12, 0, 23, 82, 0, 3, 0, 73, 33, 88, 49, 73, 89, 91, 92, 31, 2, 62, 83, 73, 2, 0, 10, 0, 53, 16, 0, 0, 0, 39, 3, 69, 0, 1, 11, 21, 0, 0, 91, 51, 1, 38, 0, 3, 0, 42, 0, 1, 0, 0, 4, 0, 0, 5, 93]",[]
52,[17],"[22, 23, 19, 9, 13, 8, 10, 57, 41, 32, 34, 31, 11, 12, 14, 15, 7, 21, 4, 51, 46, 0, 1, 2, 27, 37, 54, 59, 49, 43, 39, 33, 3, 25, 29, 48, 6, 5, 35, 20, 50, 52, 45, 56, 26, 24, 38, 18, 28, 55, 44, 42, 58, 36, 53, 40, 30, 47, 16]","[42, 2, 21, 89, 51, 73, 91, 0, 0, 82, 5, 23, 92, 31, 91, 0, 49, 46, 33, 0, 0, 62, 83, 73, 2, 10, 0, 0, 42, 0, 0, 0, 69, 39, 1, 0, 88, 73, 3, 16, 0, 0, 0, 0, 1, 38, 11, 53, 0, 0, 1, 4, 0, 3, 12, 2, 3, 0, 93]",[]
53,[39],"[9, 10, 17, 59, 0, 28, 49, 4, 45, 53, 12, 7, 22, 34, 2, 24, 20, 56, 31, 42, 51, 47, 1, 15, 36, 26, 8, 32, 33, 11, 3, 6, 5, 23, 21, 18, 19, 54, 13, 14, 43, 41, 37, 25, 57, 29, 48, 50, 52, 35, 46, 38, 58, 44, 40, 27, 55, 30, 16]","[89, 91, 16, 0, 62, 0, 42, 33, 0, 12, 31, 49, 42, 5, 73, 38, 16, 0, 23, 4, 0, 0, 83, 0, 3, 1, 73, 82, 0, 92, 69, 88, 73, 2, 46, 53, 21, 0, 51, 91, 0, 0, 10, 39, 0, 1, 0, 0, 0, 3, 0, 11, 0, 1, 2, 2, 0, 3, 93]",[]
54,[58],"[32, 33, 31, 27, 25, 0, 51, 37, 19, 8, 38, 12, 45, 49, 17, 42, 55, 44, 14, 11, 39, 2, 52, 1, 10, 9, 15, 13, 3, 4, 7, 23, 48, 21, 29, 35, 6, 5, 20, 50, 41, 22, 46, 59, 57, 54, 26, 18, 24, 36, 28, 43, 56, 40, 53, 30, 47, 34, 16]","[82, 0, 23, 2, 39, 62, 0, 10, 21, 73, 11, 31, 0, 42, 16, 4, 0, 1, 91, 92, 0, 73, 0, 83, 91, 89, 0, 51, 69, 33, 49, 2, 0, 46, 1, 3, 88, 73, 16, 0, 0, 42, 0, 0, 0, 0, 1, 53, 38, 3, 0, 0, 0, 2, 12, 3, 0, 5, 93]",[]
55,[5],"[57, 56, 41, 46, 59, 33, 36, 18, 20, 15, 17, 19, 21, 22, 24, 25, 27, 51, 0, 1, 2, 10, 11, 12, 30, 8, 9, 38, 54, 49, 43, 48, 3, 7, 39, 45, 31, 35, 53, 14, 13, 28, 50, 23, 32, 26, 52, 37, 42, 29, 58, 44, 4, 40, 55, 47, 34, 16, 6]","[0, 0, 0, 0, 0, 0, 3, 53, 16, 0, 16, 21, 46, 42, 38, 39, 2, 0, 62, 83, 73, 91, 92, 31, 3, 73, 89, 11, 0, 42, 0, 0, 69, 49, 0, 0, 23, 3, 12, 91, 51, 0, 0, 2, 82, 1, 0, 10, 4, 1, 0, 1, 33, 2, 0, 0, 5, 93, 88]",[]
56,[54],"[58, 50, 46, 6, 0, 12, 5, 7, 1, 2, 32, 33, 31, 3, 4, 9, 8, 10, 11, 17, 38, 23, 42, 27, 20, 15, 36, 40, 44, 25, 48, 52, 56, 29, 18, 19, 21, 59, 14, 13, 35, 22, 26, 24, 39, 37, 43, 28, 53, 49, 57, 45, 41, 55, 30, 47, 51, 34, 16]","[0, 0, 0, 88, 62, 31, 73, 49, 83, 73, 82, 0, 23, 69, 33, 89, 73, 91, 92, 16, 11, 2, 4, 2, 16, 0, 3, 2, 1, 39, 0, 0, 0, 1, 53, 21, 46, 0, 91, 51, 3, 42, 1, 38, 0, 10, 0, 0, 12, 42, 0, 0, 0, 0, 3, 0, 0, 5, 93]",[]
57,[2],"[13, 14, 16, 15, 17, 12, 11, 10, 9, 8, 7, 27, 6, 5, 4, 45, 48, 55, 39, 33, 22, 20, 24, 59, 51, 30, 42, 23, 25, 36, 53, 57, 0, 21, 19, 43, 41, 29, 31, 37, 35, 46, 49, 50, 26, 32, 52, 54, 18, 38, 28, 44, 56, 58, 40, 47, 1, 34, 3]","[51, 91, 93, 0, 16, 31, 92, 91, 89, 73, 49, 2, 88, 73, 33, 0, 0, 0, 0, 0, 42, 16, 38, 0, 0, 3, 4, 2, 39, 3, 12, 0, 62, 46, 21, 0, 0, 1, 23, 10, 3, 0, 42, 0, 1, 82, 0, 0, 53, 11, 0, 1, 0, 0, 2, 0, 83, 5, 69]",[]
58,[37],"[24, 23, 25, 26, 13, 14, 15, 59, 27, 12, 11, 10, 9, 8, 6, 5, 7, 50, 44, 0, 1, 2, 32, 31, 33, 3, 4, 54, 19, 41, 47, 56, 21, 29, 52, 39, 17, 35, 20, 42, 45, 49, 48, 57, 18, 22, 46, 28, 53, 40, 36, 58, 43, 55, 38, 30, 51, 34, 16]","[38, 2, 39, 1, 51, 91, 0, 0, 2, 31, 92, 91, 89, 73, 88, 73, 49, 0, 1, 62, 83, 73, 82, 23, 0, 69, 33, 0, 21, 0, 0, 0, 46, 1, 0, 0, 16, 3, 16, 4, 0, 42, 0, 0, 53, 42, 0, 0, 12, 2, 3, 0, 0, 0, 11, 3, 0, 5, 93]",[]
59,[14],"[57, 56, 44, 47, 38, 33, 0, 2, 3, 24, 27, 21, 8, 7, 9, 51, 41, 19, 30, 10, 36, 59, 53, 17, 22, 11, 5, 49, 1, 25, 4, 6, 12, 54, 39, 31, 42, 35, 45, 16, 20, 28, 48, 50, 23, 32, 52, 15, 26, 37, 46, 58, 29, 43, 40, 18, 55, 34, 13]","[0, 0, 1, 0, 11, 0, 62, 73, 69, 38, 2, 46, 73, 49, 89, 0, 0, 21, 3, 91, 3, 0, 12, 16, 42, 92, 73, 42, 83, 39, 33, 88, 31, 0, 0, 23, 4, 3, 0, 93, 16, 0, 0, 0, 2, 82, 0, 0, 1, 10, 0, 0, 1, 0, 2, 53, 0, 5, 51]",[]
60,[19],"[1, 2, 59, 0, 45, 32, 33, 31, 3, 4, 53, 38, 24, 25, 26, 23, 14, 13, 15, 12, 8, 7, 9, 10, 11, 49, 41, 56, 50, 48, 36, 29, 43, 21, 17, 6, 5, 54, 52, 39, 28, 35, 57, 46, 22, 37, 20, 42, 58, 44, 18, 40, 55, 27, 30, 47, 51, 34, 16]","[83, 73, 0, 62, 0, 82, 0, 23, 69, 33, 12, 11, 38, 39, 1, 2, 91, 51, 0, 31, 73, 49, 89, 91, 92, 42, 0, 0, 0, 0, 3, 1, 0, 46, 16, 88, 73, 0, 0, 0, 0, 3, 0, 0, 42, 10, 16, 4, 0, 1, 53, 2, 0, 2, 3, 0, 0, 5, 93]",[]
61,[31],"[5, 6, 9, 59, 7, 10, 12, 50, 40, 22, 19, 25, 0, 2, 3, 45, 36, 54, 15, 27, 1, 42, 47, 57, 34, 17, 24, 38, 52, 21, 29, 11, 4, 8, 43, 56, 48, 33, 14, 13, 20, 18, 23, 37, 26, 53, 41, 28, 49, 46, 58, 39, 35, 30, 44, 55, 32, 51, 16]","[73, 88, 89, 0, 49, 91, 31, 0, 2, 42, 21, 39, 62, 73, 69, 0, 3, 0, 0, 2, 83, 4, 0, 0, 5, 16, 38, 11, 0, 46, 1, 92, 33, 73, 0, 0, 0, 0, 91, 51, 16, 53, 2, 10, 1, 12, 0, 0, 42, 0, 0, 0, 3, 3, 1, 0, 82, 0, 93]",[]
62,[59],"[31, 32, 33, 26, 30, 18, 19, 8, 4, 48, 17, 22, 5, 6, 56, 7, 9, 10, 11, 12, 41, 0, 1, 2, 52, 37, 45, 14, 15, 13, 24, 28, 39, 43, 54, 50, 35, 21, 3, 23, 25, 46, 57, 20, 36, 29, 38, 51, 42, 55, 47, 58, 49, 44, 27, 40, 53, 34, 16]","[23, 82, 0, 1, 3, 53, 21, 73, 33, 0, 16, 42, 73, 88, 0, 49, 89, 91, 92, 31, 0, 62, 83, 73, 0, 10, 0, 91, 0, 51, 38, 0, 0, 0, 0, 0, 3, 46, 69, 2, 39, 0, 0, 16, 3, 1, 11, 0, 4, 0, 0, 0, 42, 1, 2, 2, 12, 5, 93]",[]
63,[28],"[14, 15, 13, 12, 30, 16, 17, 18, 54, 19, 27, 29, 43, 20, 22, 51, 23, 56, 50, 21, 11, 10, 9, 8, 7, 6, 5, 4, 36, 0, 1, 2, 47, 39, 3, 59, 33, 25, 41, 45, 31, 52, 49, 48, 37, 35, 26, 57, 24, 32, 38, 46, 55, 53, 44, 58, 42, 40, 34]","[91, 0, 51, 31, 3, 93, 16, 53, 0, 21, 2, 1, 0, 16, 42, 0, 2, 0, 0, 46, 92, 91, 89, 73, 49, 88, 73, 33, 3, 62, 83, 73, 0, 0, 69, 0, 0, 39, 0, 0, 23, 0, 42, 0, 10, 3, 1, 0, 38, 82, 11, 0, 0, 12, 1, 0, 4, 2, 5]",[]
64,[30],"[35, 36, 0, 5, 9, 12, 8, 3, 10, 58, 47, 21, 25, 41, 52, 18, 16, 15, 17, 4, 11, 6, 7, 2, 1, 19, 44, 22, 55, 27, 38, 33, 50, 23, 13, 39, 20, 28, 59, 57, 43, 45, 26, 49, 48, 53, 32, 31, 24, 14, 37, 54, 46, 56, 42, 29, 40, 51, 34]","[3, 3, 62, 73, 89, 31, 73, 69, 91, 0, 0, 46, 39, 0, 0, 53, 93, 0, 16, 33, 92, 88, 49, 73, 83, 21, 1, 42, 0, 2, 11, 0, 0, 2, 51, 0, 16, 0, 0, 0, 0, 0, 1, 42, 0, 12, 82, 23, 38, 91, 10, 0, 0, 0, 4, 1, 2, 0, 5]",[]
65,[26],"[35, 36, 0, 4, 59, 48, 58, 13, 17, 10, 9, 42, 21, 53, 30, 45, 1, 2, 7, 11, 23, 39, 19, 51, 55, 32, 33, 12, 8, 14, 15, 31, 3, 28, 6, 5, 20, 37, 57, 41, 43, 46, 49, 50, 22, 25, 18, 24, 52, 54, 29, 38, 56, 44, 40, 27, 47, 34, 16]","[3, 3, 62, 33, 0, 0, 0, 51, 16, 91, 89, 4, 46, 12, 3, 0, 83, 73, 49, 92, 2, 0, 21, 0, 0, 82, 0, 31, 73, 91, 0, 23, 69, 0, 88, 73, 16, 10, 0, 0, 0, 0, 42, 0, 42, 39, 53, 38, 0, 0, 1, 11, 0, 1, 2, 2, 0, 5, 93]",[]
66,[4],"[29, 28, 42, 37, 59, 17, 19, 51, 20, 34, 11, 10, 46, 55, 0, 12, 1, 2, 8, 7, 24, 9, 22, 39, 31, 15, 26, 48, 44, 53, 57, 32, 33, 23, 6, 21, 35, 5, 25, 41, 13, 14, 49, 50, 18, 52, 54, 38, 43, 45, 56, 58, 36, 40, 27, 3, 30, 47, 16]","[1, 0, 4, 10, 0, 16, 21, 0, 16, 5, 92, 91, 0, 0, 62, 31, 83, 73, 73, 49, 38, 89, 42, 0, 23, 0, 1, 0, 1, 12, 0, 82, 0, 2, 88, 46, 3, 73, 39, 0, 51, 91, 42, 0, 53, 0, 0, 11, 0, 0, 0, 0, 3, 2, 2, 69, 3, 0, 93]",[]
67,[4],"[6, 7, 47, 28, 9, 10, 11, 12, 56, 37, 20, 42, 33, 51, 24, 8, 16, 17, 15, 0, 1, 2, 59, 22, 39, 44, 26, 30, 54, 35, 49, 23, 21, 5, 13, 19, 25, 41, 31, 45, 57, 53, 48, 50, 32, 14, 52, 18, 3, 43, 36, 38, 46, 29, 55, 58, 40, 27, 34]","[88, 49, 0, 0, 89, 91, 92, 31, 0, 10, 16, 4, 0, 0, 38, 73, 93, 16, 0, 62, 83, 73, 0, 42, 0, 1, 1, 3, 0, 3, 42, 2, 46, 73, 51, 21, 39, 0, 23, 0, 0, 12, 0, 0, 82, 91, 0, 53, 69, 0, 3, 11, 0, 1, 0, 0, 2, 2, 5]",[]
68,[47],"[10, 11, 20, 0, 33, 59, 12, 1, 2, 5, 6, 7, 40, 26, 53, 16, 17, 15, 9, 8, 3, 4, 37, 43, 29, 23, 50, 56, 35, 31, 45, 21, 54, 52, 38, 22, 19, 41, 49, 48, 13, 28, 25, 57, 24, 30, 32, 14, 39, 18, 36, 46, 58, 44, 42, 55, 27, 51, 34]","[91, 92, 16, 62, 0, 0, 31, 83, 73, 73, 88, 49, 2, 1, 12, 93, 16, 0, 89, 73, 69, 33, 10, 0, 1, 2, 0, 0, 3, 23, 0, 46, 0, 0, 11, 42, 21, 0, 42, 0, 51, 0, 39, 0, 38, 3, 82, 91, 0, 53, 3, 0, 0, 1, 4, 0, 2, 0, 5]",[]
69,[43],"[20, 21, 22, 23, 41, 5, 4, 6, 8, 10, 11, 14, 13, 15, 7, 9, 53, 32, 31, 33, 12, 0, 1, 2, 49, 37, 59, 27, 46, 56, 51, 18, 17, 39, 29, 25, 35, 48, 3, 19, 54, 50, 45, 57, 26, 24, 52, 36, 38, 28, 42, 58, 44, 40, 55, 30, 47, 34, 16]","[16, 46, 42, 2, 0, 73, 33, 88, 73, 91, 92, 91, 51, 0, 49, 89, 12, 82, 23, 0, 31, 62, 83, 73, 42, 10, 0, 2, 0, 0, 0, 53, 16, 0, 1, 39, 3, 0, 69, 21, 0, 0, 0, 0, 1, 38, 0, 3, 11, 0, 4, 0, 1, 2, 0, 3, 0, 5, 93]",[]
70,[58],"[46, 29, 23, 19, 18, 17, 41, 4, 5, 6, 7, 35, 52, 12, 10, 9, 0, 1, 2, 32, 33, 31, 11, 8, 38, 26, 49, 55, 14, 15, 13, 43, 21, 3, 50, 48, 20, 37, 39, 22, 59, 57, 28, 45, 53, 25, 24, 54, 36, 42, 56, 44, 27, 40, 30, 47, 51, 34, 16]","[0, 1, 2, 21, 53, 16, 0, 33, 73, 88, 49, 3, 0, 31, 91, 89, 62, 83, 73, 82, 0, 23, 92, 73, 11, 1, 42, 0, 91, 0, 51, 0, 46, 69, 0, 0, 16, 10, 0, 42, 0, 0, 0, 0, 12, 39, 38, 0, 3, 4, 0, 1, 2, 2, 3, 0, 0, 5, 93]",[]
71,[20],"[9, 8, 11, 48, 34, 10, 13, 59, 0, 3, 41, 27, 53, 2, 31, 37, 44, 24, 16, 17, 15, 12, 1, 4, 7, 56, 51, 29, 23, 25, 39, 46, 6, 5, 32, 33, 35, 54, 43, 49, 50, 57, 22, 21, 26, 18, 19, 14, 52, 36, 38, 28, 30, 45, 58, 42, 55, 40, 47]","[89, 73, 92, 0, 5, 91, 51, 0, 62, 69, 0, 2, 12, 73, 23, 10, 1, 38, 93, 16, 0, 31, 83, 33, 49, 0, 0, 1, 2, 39, 0, 0, 88, 73, 82, 0, 3, 0, 0, 42, 0, 0, 42, 46, 1, 53, 21, 91, 0, 3, 11, 0, 3, 0, 0, 4, 0, 2, 0]",[]
72,[4],"[10, 9, 55, 15, 35, 45, 25, 29, 22, 40, 50, 59, 19, 0, 11, 12, 8, 1, 2, 32, 33, 31, 7, 27, 37, 42, 47, 52, 17, 23, 21, 57, 6, 5, 38, 20, 43, 49, 48, 13, 14, 53, 26, 18, 24, 54, 36, 39, 46, 28, 41, 58, 56, 44, 3, 30, 51, 34, 16]","[91, 89, 0, 0, 3, 0, 39, 1, 42, 2, 0, 0, 21, 62, 92, 31, 73, 83, 73, 82, 0, 23, 49, 2, 10, 4, 0, 0, 16, 2, 46, 0, 88, 73, 11, 16, 0, 42, 0, 51, 91, 12, 1, 53, 38, 0, 3, 0, 0, 0, 0, 0, 0, 1, 69, 3, 0, 5, 93]",[]
73,[17],"[22, 21, 40, 1, 2, 0, 53, 31, 9, 10, 12, 59, 47, 6, 7, 5, 26, 35, 43, 50, 56, 29, 14, 15, 13, 3, 4, 11, 37, 24, 16, 8, 20, 33, 45, 23, 19, 54, 52, 38, 25, 41, 28, 48, 57, 30, 32, 39, 36, 46, 58, 49, 44, 42, 55, 27, 51, 34, 18]","[42, 46, 2, 83, 73, 62, 12, 23, 89, 91, 31, 0, 0, 88, 49, 73, 1, 3, 0, 0, 0, 1, 91, 0, 51, 69, 33, 92, 10, 38, 93, 73, 16, 0, 0, 2, 21, 0, 0, 11, 39, 0, 0, 0, 0, 3, 82, 0, 3, 0, 0, 42, 1, 4, 0, 2, 0, 5, 53]",[]
74,[55],"[2, 1, 0, 29, 42, 15, 22, 8, 9, 10, 36, 48, 59, 25, 19, 12, 33, 52, 5, 39, 45, 6, 27, 17, 23, 21, 7, 11, 3, 31, 50, 57, 4, 43, 37, 54, 47, 41, 34, 14, 13, 26, 20, 18, 30, 24, 38, 32, 35, 56, 51, 46, 58, 28, 49, 44, 53, 40, 16]","[73, 83, 62, 1, 4, 0, 42, 73, 89, 91, 3, 0, 0, 39, 21, 31, 0, 0, 73, 0, 0, 88, 2, 16, 2, 46, 49, 92, 69, 23, 0, 0, 33, 0, 10, 0, 0, 0, 5, 91, 51, 1, 16, 53, 3, 38, 11, 82, 3, 0, 0, 0, 0, 0, 42, 1, 12, 2, 93]",[]
75,[28],"[8, 9, 11, 57, 10, 14, 13, 15, 12, 7, 33, 50, 40, 0, 1, 2, 4, 22, 45, 19, 37, 24, 53, 42, 59, 26, 30, 47, 55, 35, 21, 17, 6, 5, 52, 38, 23, 3, 43, 31, 25, 49, 48, 20, 18, 32, 54, 36, 29, 46, 41, 39, 58, 56, 44, 27, 51, 34, 16]","[73, 89, 92, 0, 91, 91, 51, 0, 31, 49, 0, 0, 2, 62, 83, 73, 33, 42, 0, 21, 10, 38, 12, 4, 0, 1, 3, 0, 0, 3, 46, 16, 88, 73, 0, 11, 2, 69, 0, 23, 39, 42, 0, 16, 53, 82, 0, 3, 1, 0, 0, 0, 0, 0, 1, 2, 0, 5, 93]",[]
76,[23],"[28, 29, 30, 31, 32, 33, 59, 14, 13, 15, 12, 11, 10, 9, 8, 7, 5, 4, 6, 50, 40, 45, 0, 1, 2, 54, 19, 37, 26, 42, 47, 56, 21, 52, 17, 35, 3, 20, 38, 43, 25, 48, 57, 22, 18, 24, 36, 41, 53, 49, 46, 39, 58, 44, 27, 55, 51, 34, 16]","[0, 1, 3, 23, 82, 0, 0, 91, 51, 0, 31, 92, 91, 89, 73, 49, 73, 33, 88, 0, 2, 0, 62, 83, 73, 0, 21, 10, 1, 4, 0, 0, 46, 0, 16, 3, 69, 16, 11, 0, 39, 0, 0, 42, 53, 38, 3, 0, 12, 42, 0, 0, 0, 1, 2, 0, 0, 5, 93]",[]
77,[51],"[16, 17, 42, 39, 1, 15, 0, 2, 3, 4, 55, 26, 59, 9, 8, 10, 11, 12, 7, 31, 46, 22, 20, 35, 29, 23, 49, 33, 44, 37, 57, 53, 48, 6, 5, 21, 19, 13, 50, 41, 28, 25, 24, 30, 32, 14, 18, 52, 54, 36, 38, 43, 45, 56, 58, 40, 27, 47, 34]","[93, 16, 4, 0, 83, 0, 62, 73, 69, 33, 0, 1, 0, 89, 73, 91, 92, 31, 49, 23, 0, 42, 16, 3, 1, 2, 42, 0, 1, 10, 0, 12, 0, 88, 73, 46, 21, 51, 0, 0, 0, 39, 38, 3, 82, 91, 53, 0, 0, 3, 11, 0, 0, 0, 0, 2, 2, 0, 5]",[]
78,[52],"[58, 23, 13, 10, 8, 38, 0, 3, 31, 45, 18, 11, 5, 27, 34, 41, 20, 48, 55, 16, 17, 12, 9, 15, 4, 6, 7, 2, 1, 29, 36, 25, 50, 43, 19, 32, 33, 21, 39, 22, 59, 57, 46, 53, 26, 24, 14, 37, 35, 54, 28, 30, 56, 44, 47, 49, 42, 40, 51]","[0, 2, 51, 91, 73, 11, 62, 69, 23, 0, 53, 92, 73, 2, 5, 0, 16, 0, 0, 93, 16, 31, 89, 0, 33, 88, 49, 73, 83, 1, 3, 39, 0, 0, 21, 82, 0, 46, 0, 42, 0, 0, 0, 12, 1, 38, 91, 10, 3, 0, 0, 3, 0, 1, 0, 42, 4, 2, 0]",[]
79,[9],"[25, 26, 24, 42, 39, 45, 49, 50, 48, 23, 2, 1, 0, 4, 59, 16, 17, 15, 3, 6, 7, 5, 33, 55, 30, 36, 20, 12, 53, 57, 28, 13, 11, 21, 52, 22, 19, 43, 41, 31, 37, 35, 46, 32, 14, 18, 54, 38, 44, 29, 10, 40, 56, 58, 27, 47, 51, 34, 8]","[39, 1, 38, 4, 0, 0, 42, 0, 0, 2, 73, 83, 62, 33, 0, 93, 16, 0, 69, 88, 49, 73, 0, 0, 3, 3, 16, 31, 12, 0, 0, 51, 92, 46, 0, 42, 21, 0, 0, 23, 10, 3, 0, 82, 91, 53, 0, 11, 1, 1, 91, 2, 0, 0, 2, 0, 0, 5, 73]",[]
80,[17],"[42, 41, 44, 0, 2, 5, 4, 1, 6, 29, 9, 10, 12, 57, 51, 35, 23, 48, 32, 33, 31, 7, 11, 8, 38, 26, 54, 20, 59, 14, 15, 13, 46, 3, 21, 39, 37, 28, 25, 56, 49, 50, 52, 22, 19, 24, 36, 18, 43, 45, 55, 58, 27, 40, 53, 30, 47, 34, 16]","[4, 0, 1, 62, 73, 73, 33, 83, 88, 1, 89, 91, 31, 0, 0, 3, 2, 0, 82, 0, 23, 49, 92, 73, 11, 1, 0, 16, 0, 91, 0, 51, 0, 69, 46, 0, 10, 0, 39, 0, 42, 0, 0, 42, 21, 38, 3, 53, 0, 0, 0, 0, 2, 2, 12, 3, 0, 5, 93]",[]
81,[32],"[52, 53, 56, 0, 2, 6, 10, 16, 21, 14, 40, 8, 12, 15, 9, 7, 17, 3, 5, 4, 1, 13, 11, 46, 23, 27, 36, 59, 49, 43, 20, 29, 38, 25, 34, 50, 48, 54, 19, 22, 41, 45, 57, 30, 26, 24, 39, 37, 28, 35, 44, 58, 42, 55, 18, 47, 51, 33, 31]","[0, 12, 0, 62, 73, 88, 91, 93, 46, 91, 2, 73, 31, 0, 89, 49, 16, 69, 73, 33, 83, 51, 92, 0, 2, 2, 3, 0, 42, 0, 16, 1, 11, 39, 5, 0, 0, 0, 21, 42, 0, 0, 0, 3, 1, 38, 0, 10, 0, 3, 1, 0, 4, 0, 53, 0, 0, 0, 23]",[]
82,[9],"[40, 41, 33, 37, 51, 59, 21, 23, 19, 0, 1, 2, 46, 28, 14, 15, 13, 3, 4, 55, 6, 7, 5, 43, 25, 48, 31, 35, 53, 57, 26, 17, 11, 12, 30, 20, 38, 22, 45, 49, 50, 18, 24, 32, 52, 54, 39, 29, 36, 10, 56, 44, 58, 42, 27, 47, 34, 16, 8]","[2, 0, 0, 10, 0, 0, 46, 2, 21, 62, 83, 73, 0, 0, 91, 0, 51, 69, 33, 0, 88, 49, 73, 0, 39, 0, 23, 3, 12, 0, 1, 16, 92, 31, 3, 16, 11, 42, 0, 42, 0, 53, 38, 82, 0, 0, 0, 1, 3, 91, 0, 1, 0, 4, 2, 0, 5, 93, 73]",[]
83,[31],"[24, 23, 53, 59, 25, 26, 51, 55, 4, 3, 2, 0, 1, 41, 13, 11, 10, 9, 8, 18, 16, 15, 17, 7, 12, 19, 36, 46, 38, 34, 49, 43, 6, 5, 28, 21, 57, 48, 20, 39, 50, 33, 22, 45, 29, 14, 37, 52, 54, 35, 44, 56, 58, 42, 40, 27, 47, 30, 32]","[38, 2, 12, 0, 39, 1, 0, 0, 33, 69, 73, 62, 83, 0, 51, 92, 91, 89, 73, 53, 93, 0, 16, 49, 31, 21, 3, 0, 11, 5, 42, 0, 88, 73, 0, 46, 0, 0, 16, 0, 0, 0, 42, 0, 1, 91, 10, 0, 0, 3, 1, 0, 0, 4, 2, 2, 0, 3, 82]",[]
84,[46],"[45, 14, 4, 19, 12, 15, 13, 5, 6, 7, 58, 9, 10, 11, 37, 30, 52, 24, 8, 0, 1, 2, 41, 34, 27, 49, 55, 22, 43, 39, 32, 17, 21, 48, 50, 25, 33, 31, 3, 35, 23, 29, 20, 59, 57, 53, 18, 26, 54, 38, 44, 42, 56, 28, 36, 40, 47, 51, 16]","[0, 91, 33, 21, 31, 0, 51, 73, 88, 49, 0, 89, 91, 92, 10, 3, 0, 38, 73, 62, 83, 73, 0, 5, 2, 42, 0, 42, 0, 0, 82, 16, 46, 0, 0, 39, 0, 23, 69, 3, 2, 1, 16, 0, 0, 12, 53, 1, 0, 11, 1, 4, 0, 0, 3, 2, 0, 0, 93]",[]
85,[12],"[8, 7, 9, 1, 3, 53, 28, 0, 41, 20, 59, 34, 2, 5, 47, 24, 16, 17, 15, 4, 10, 6, 37, 56, 50, 31, 44, 22, 26, 39, 23, 21, 32, 33, 35, 54, 52, 19, 11, 30, 25, 43, 45, 49, 48, 57, 14, 13, 18, 36, 38, 46, 29, 55, 58, 42, 40, 27, 51]","[73, 49, 89, 83, 69, 12, 0, 62, 0, 16, 0, 5, 73, 73, 0, 38, 93, 16, 0, 33, 91, 88, 10, 0, 0, 23, 1, 42, 1, 0, 2, 46, 82, 0, 3, 0, 0, 21, 92, 3, 39, 0, 0, 42, 0, 0, 91, 51, 53, 3, 11, 0, 1, 0, 0, 4, 2, 2, 0]",[]
86,[50],"[0, 1, 2, 31, 18, 15, 20, 40, 59, 8, 9, 10, 26, 45, 35, 54, 12, 5, 6, 23, 29, 37, 48, 42, 56, 33, 52, 17, 7, 11, 3, 4, 19, 21, 38, 43, 47, 57, 27, 14, 13, 24, 25, 32, 22, 36, 41, 28, 53, 49, 46, 39, 58, 44, 55, 30, 51, 34, 16]","[62, 83, 73, 23, 53, 0, 16, 2, 0, 73, 89, 91, 1, 0, 3, 0, 31, 73, 88, 2, 1, 10, 0, 4, 0, 0, 0, 16, 49, 92, 69, 33, 21, 46, 11, 0, 0, 0, 2, 91, 51, 38, 39, 82, 42, 3, 0, 0, 12, 42, 0, 0, 0, 1, 0, 3, 0, 5, 93]",[]
87,[9],"[30, 31, 33, 51, 48, 54, 57, 45, 42, 40, 20, 18, 17, 19, 21, 22, 24, 25, 27, 0, 1, 2, 4, 13, 37, 14, 15, 6, 7, 5, 59, 35, 11, 12, 3, 38, 23, 43, 28, 56, 46, 53, 49, 50, 32, 26, 52, 36, 39, 10, 41, 29, 58, 44, 55, 47, 34, 16, 8]","[3, 23, 0, 0, 0, 0, 0, 0, 4, 2, 16, 53, 16, 21, 46, 42, 38, 39, 2, 62, 83, 73, 33, 51, 10, 91, 0, 88, 49, 73, 0, 3, 92, 31, 69, 11, 2, 0, 0, 0, 0, 12, 42, 0, 82, 1, 0, 3, 0, 91, 0, 1, 0, 1, 0, 0, 5, 93, 73]",[]
88,[25],"[37, 38, 56, 0, 4, 59, 1, 2, 8, 10, 12, 9, 47, 18, 31, 42, 52, 20, 16, 15, 17, 11, 7, 3, 34, 28, 22, 44, 49, 40, 54, 50, 23, 6, 5, 19, 21, 32, 33, 13, 35, 48, 46, 30, 57, 27, 14, 36, 39, 29, 41, 43, 45, 55, 53, 58, 51, 26, 24]","[10, 11, 0, 62, 33, 0, 83, 73, 73, 91, 31, 89, 0, 53, 23, 4, 0, 16, 93, 0, 16, 92, 49, 69, 5, 0, 42, 1, 42, 2, 0, 0, 2, 88, 73, 21, 46, 82, 0, 51, 3, 0, 0, 3, 0, 2, 91, 3, 0, 1, 0, 0, 0, 0, 12, 0, 0, 1, 38]",[]
89,[5],"[31, 33, 28, 57, 53, 50, 17, 14, 13, 15, 12, 11, 10, 9, 8, 42, 22, 24, 20, 0, 1, 2, 38, 46, 36, 26, 59, 40, 55, 44, 48, 3, 7, 23, 21, 30, 18, 52, 35, 25, 19, 32, 54, 39, 29, 43, 37, 49, 58, 45, 41, 56, 4, 27, 47, 51, 34, 16, 6]","[23, 0, 0, 0, 12, 0, 16, 91, 51, 0, 31, 92, 91, 89, 73, 4, 42, 38, 16, 62, 83, 73, 11, 0, 3, 1, 0, 2, 0, 1, 0, 69, 49, 2, 46, 3, 53, 0, 3, 39, 21, 82, 0, 0, 1, 0, 10, 42, 0, 0, 0, 0, 33, 2, 0, 0, 5, 93, 88]",[]
90,[13],"[49, 48, 50, 7, 6, 5, 4, 59, 23, 36, 30, 42, 9, 10, 11, 18, 19, 17, 12, 0, 1, 2, 55, 27, 39, 33, 45, 53, 25, 57, 21, 8, 15, 52, 43, 31, 37, 41, 34, 28, 22, 46, 3, 26, 24, 32, 35, 20, 54, 38, 58, 29, 56, 16, 44, 40, 47, 51, 14]","[42, 0, 0, 49, 88, 73, 33, 0, 2, 3, 3, 4, 89, 91, 92, 53, 21, 16, 31, 62, 83, 73, 0, 2, 0, 0, 0, 12, 39, 0, 46, 73, 0, 0, 0, 23, 10, 0, 5, 0, 42, 0, 69, 1, 38, 82, 3, 16, 0, 11, 0, 1, 0, 93, 1, 2, 0, 0, 91]",[]
91,[5],"[0, 1, 23, 50, 2, 36, 59, 14, 15, 13, 3, 43, 30, 54, 19, 9, 10, 11, 8, 27, 39, 47, 33, 56, 21, 25, 52, 45, 41, 7, 17, 12, 20, 37, 29, 48, 57, 31, 34, 22, 26, 18, 24, 38, 42, 53, 32, 35, 49, 46, 58, 28, 44, 4, 55, 40, 51, 16, 6]","[62, 83, 2, 0, 73, 3, 0, 91, 0, 51, 69, 0, 3, 0, 21, 89, 91, 92, 73, 2, 0, 0, 0, 0, 46, 39, 0, 0, 0, 49, 16, 31, 16, 10, 1, 0, 0, 23, 5, 42, 1, 53, 38, 11, 4, 12, 82, 3, 42, 0, 0, 0, 1, 33, 0, 2, 0, 93, 88]",[]
92,[26],"[41, 42, 43, 45, 7, 6, 5, 58, 17, 33, 51, 0, 1, 2, 12, 21, 37, 23, 29, 19, 54, 14, 15, 13, 3, 4, 10, 9, 11, 48, 8, 35, 39, 31, 56, 20, 59, 53, 46, 49, 28, 25, 50, 22, 18, 32, 24, 52, 36, 38, 57, 44, 40, 27, 55, 30, 47, 34, 16]","[0, 4, 0, 0, 49, 88, 73, 0, 16, 0, 0, 62, 83, 73, 31, 46, 10, 2, 1, 21, 0, 91, 0, 51, 69, 33, 91, 89, 92, 0, 73, 3, 0, 23, 0, 16, 0, 12, 0, 42, 0, 39, 0, 42, 53, 82, 38, 0, 3, 11, 0, 1, 2, 2, 0, 3, 0, 5, 93]",[]
93,[58],"[51, 50, 28, 14, 7, 16, 0, 15, 17, 13, 1, 21, 54, 32, 11, 3, 49, 2, 57, 12, 10, 9, 8, 33, 31, 4, 6, 5, 38, 23, 47, 43, 20, 40, 36, 25, 45, 26, 30, 19, 22, 52, 59, 48, 56, 35, 41, 24, 37, 39, 18, 46, 29, 44, 42, 55, 53, 27, 34]","[0, 0, 0, 91, 49, 93, 62, 0, 16, 51, 83, 46, 0, 82, 92, 69, 42, 73, 0, 31, 91, 89, 73, 0, 23, 33, 88, 73, 11, 2, 0, 0, 16, 2, 3, 39, 0, 1, 3, 21, 42, 0, 0, 0, 0, 3, 0, 38, 10, 0, 53, 0, 1, 1, 4, 0, 12, 2, 5]",[]
94,[34],"[45, 44, 42, 40, 50, 6, 8, 4, 7, 5, 9, 10, 11, 12, 25, 59, 21, 19, 23, 27, 0, 1, 2, 54, 16, 15, 17, 30, 37, 47, 56, 52, 32, 31, 33, 3, 20, 36, 38, 29, 13, 22, 49, 48, 57, 26, 24, 14, 18, 39, 46, 28, 41, 43, 35, 55, 53, 58, 51]","[0, 1, 4, 2, 0, 88, 73, 33, 49, 73, 89, 91, 92, 31, 39, 0, 46, 21, 2, 2, 62, 83, 73, 0, 93, 0, 16, 3, 10, 0, 0, 0, 82, 23, 0, 69, 16, 3, 11, 1, 51, 42, 42, 0, 0, 1, 38, 91, 53, 0, 0, 0, 0, 0, 3, 0, 12, 0, 0]",[]
95,[48],"[23, 24, 25, 26, 51, 34, 11, 10, 13, 8, 6, 4, 59, 41, 7, 9, 5, 15, 0, 55, 1, 2, 30, 19, 37, 45, 12, 17, 21, 39, 32, 43, 53, 57, 28, 33, 31, 35, 3, 20, 14, 46, 49, 50, 22, 18, 52, 54, 38, 29, 56, 44, 42, 58, 36, 27, 40, 47, 16]","[2, 38, 39, 1, 0, 5, 92, 91, 51, 73, 88, 33, 0, 0, 49, 89, 73, 0, 62, 0, 83, 73, 3, 21, 10, 0, 31, 16, 46, 0, 82, 0, 12, 0, 0, 0, 23, 3, 69, 16, 91, 0, 42, 0, 42, 53, 0, 0, 11, 1, 0, 1, 4, 0, 3, 2, 2, 0, 93]",[]
96,[23],"[50, 49, 48, 33, 26, 55, 17, 18, 19, 20, 21, 22, 56, 4, 11, 53, 41, 46, 25, 37, 57, 30, 51, 10, 12, 9, 8, 7, 2, 1, 0, 44, 59, 14, 15, 13, 39, 35, 28, 6, 5, 3, 31, 43, 32, 24, 52, 36, 54, 29, 38, 45, 58, 42, 27, 40, 47, 34, 16]","[0, 42, 0, 0, 1, 0, 16, 53, 21, 16, 46, 42, 0, 33, 92, 12, 0, 0, 39, 10, 0, 3, 0, 91, 31, 89, 73, 49, 73, 83, 62, 1, 0, 91, 0, 51, 0, 3, 0, 88, 73, 69, 23, 0, 82, 38, 0, 3, 0, 1, 11, 0, 0, 4, 2, 2, 0, 5, 93]",[]
97,[12],"[52, 51, 59, 40, 35, 33, 0, 1, 2, 23, 46, 18, 16, 15, 17, 3, 4, 19, 6, 7, 5, 8, 9, 10, 28, 55, 43, 49, 37, 25, 31, 21, 57, 48, 26, 30, 20, 50, 38, 22, 11, 53, 24, 41, 45, 32, 39, 14, 13, 54, 36, 29, 44, 42, 56, 58, 27, 47, 34]","[0, 0, 0, 2, 3, 0, 62, 83, 73, 2, 0, 53, 93, 0, 16, 69, 33, 21, 88, 49, 73, 73, 89, 91, 0, 0, 0, 42, 10, 39, 23, 46, 0, 0, 1, 3, 16, 0, 11, 42, 92, 12, 38, 0, 0, 82, 0, 91, 51, 0, 3, 1, 1, 4, 0, 0, 2, 0, 5]",[]
98,[22],"[14, 15, 13, 12, 11, 18, 10, 25, 36, 9, 8, 7, 44, 59, 52, 4, 28, 0, 1, 2, 40, 32, 33, 31, 19, 17, 3, 48, 55, 38, 42, 46, 50, 57, 6, 5, 26, 24, 53, 35, 29, 20, 54, 39, 37, 43, 49, 58, 45, 41, 56, 21, 27, 30, 47, 51, 34, 16, 23]","[91, 0, 51, 31, 92, 53, 91, 39, 3, 89, 73, 49, 1, 0, 0, 33, 0, 62, 83, 73, 2, 82, 0, 23, 21, 16, 69, 0, 0, 11, 4, 0, 0, 0, 88, 73, 1, 38, 12, 3, 1, 16, 0, 0, 10, 0, 42, 0, 0, 0, 0, 46, 2, 3, 0, 0, 5, 93, 2]",[]
99,[25],"[35, 36, 0, 5, 59, 9, 12, 8, 3, 47, 10, 53, 19, 41, 30, 16, 17, 15, 4, 6, 7, 11, 2, 1, 56, 50, 44, 22, 33, 38, 28, 21, 23, 57, 54, 52, 39, 31, 20, 49, 48, 46, 43, 27, 13, 32, 37, 14, 18, 29, 45, 58, 42, 40, 55, 51, 34, 26, 24]","[3, 3, 62, 73, 0, 89, 31, 73, 69, 0, 91, 12, 21, 0, 3, 93, 16, 0, 33, 88, 49, 92, 73, 83, 0, 0, 1, 42, 0, 11, 0, 46, 2, 0, 0, 0, 0, 23, 16, 42, 0, 0, 0, 2, 51, 82, 10, 91, 53, 1, 0, 0, 4, 2, 0, 0, 5, 1, 38]",[]
